method,family,implementation,pixels_processed,seconds,Mpx_per_s,speed-up vs KD-tree,mean_abs_err_m,max_abs_err_m,pct_within_1m,note
"1-D march, rows only",raster,"numba, parallel rows",131837104,0.043669832999995606,3018.9514120654703,707.3212368822915,7454.509405699049,32172.018106103435,0.8063379800689395,horizontal distance only
"1-D march, min(rows, cols)",raster,numba,131837104,0.08733966599999121,1509.4757060327352,353.66061844114574,2850.915038800278,20051.496337891556,1.814951381549223,axis directions only
"Exact EDT, Felzenszwalb–Huttenlocher (numba)",raster,"numba, parallel",131837104,0.2733636250000018,482.2774207797367,112.99455182451506,3.0635754173267036,5.7248409487306935,9.826421581846413,
Chamfer chessboard (numba),raster,numba,131837104,0.3869317920000128,340.7244034369645,79.82957443827458,729.3567848730469,5164.49054860682,1.6462704773507686,
Chamfer Borgefors optimal (numba),raster,numba,131837104,0.38730441699999574,340.3965929983222,79.75277052417489,141.67984845068423,985.52803628322,2.9200415074426527,
Chamfer 1-√2 (numba),raster,numba,131837104,0.38794133300001477,339.8377352072329,79.6218336755543,257.5612732689186,1586.452608167947,3.7427846414367116,
"scipy EDT, tile only (no padding)",raster,"SciPy (C, 1 thread)",15812104,0.430412667000013,36.73707865107864,71.76508188593591,11.49652169596335,1514.2359649262396,9.784801567204465,edge errors
Vector dead reckoning (1 refine round),hybrid,numba,15812104,2.491744707999999,6.345796160109677,12.396374392942029,0.012696674279603144,7.921557610484342,99.526546245838,no padding needed
scipy distance_transform_edt (padded),raster,"SciPy (C, 1 thread)",131837104,3.3221990840000046,39.68368561503095,9.29763674933334,3.0635754173267036,5.7248409487306935,9.826421581846413,
Vector dead reckoning (2 refine rounds),hybrid,numba,15812104,3.8321086249999894,4.12621497648701,8.06047096120614,0.0021246001994144567,3.9740872186680045,99.93733914221662,no padding needed
Vector dead reckoning (3 refine rounds),hybrid,numba,15812104,5.143424041999992,3.0742369034483787,6.005454739833027,0.00032221136539866275,3.9740872186680045,99.9986908763059,no padding needed
KD-tree to shoreline vertices,vector,"scipy cKDTree (C++, all cores)",15812104,30.888600292,0.5119074302662805,1.0,0.0,0.0,100.0,ground truth
Chamfer 1-√2 (pure Python),raster,"pure Python, extrapolated",131837104,177.95982557227467,0.7408250911465246,0.17357063703939876,,,,0.74 Mpx/s measured on a 300x300 crop
Brute force (NumPy),raster,"NumPy, extrapolated",15812104,12014.810700751246,0.0013160510301682342,0.0025708769835273925,,,,extrapolated from 200 px
