cusp_package,bytes
N35W080,178654863
N25W085,119207851
N25W095,85242147
N30W085,72868449
N30W080,66024048
N25W090,44057561
N40W075,39705434
N60W165,29425719
N55W135,28034115
N25W100,27840303
N20W085,23991391
N30W090,19967950
N30W095,19311442
N45W125,17186452
N35W125,14202784
N35W075,13866948
N60W170,13569558
N40W085,12850916
N40W070,11973068
N40W080,11417340
N55W155,11262010
N45W090,9723350
N60W150,8881795
N45W085,8349759
N65W165,8239895
N40W090,6678971
N40W125,6170139
N55W165,5911892
N50W135,4257147
N65W170,3710890
N55W140,3566691
N20W160,3541114
N55W160,3257816
N30W120,2856121
N60W155,2550190
N45W095,1935366
N50W170,1817830
N60W145,1712652
N65W145,1623622
N45W120,1519709
N70W160,1467519
N65W160,1457651
N15W160,1333806
N50W165,1141350
N55W150,1136109
N70W150,1111400
N50W180,1105580
N60W175,1009640
N70W165,805175
N30W125,735083
N55W170,425798
N65W150,385000
N70W145,303679
N50W160,278256
N45W075,243281
N55W145,231051
N70W155,135125
N50W175,122370
N20W165,121995
N45W070,87534
N55W175,57959
N50E170,49812
N25W180,28249
N15W170,14459
N15W155,14045
N25W175,11198
N20W170,9712
N60W140,4809
N25W170,1663
